Feature,Importance
tenure,177.0
MonthlyCharges,169.0
TotalCharges,144.0
Contract_Two year,40.0
Contract_One year,37.0
InternetService_Fiber optic,36.0
Contract_Month-to-month,29.0
PaymentMethod_Electronic check,28.0
SeniorCitizen_0,27.0
PaperlessBilling_No,26.0
TechSupport_No,24.0
StreamingMovies_No,22.0
SeniorCitizen_False,21.0
OnlineSecurity_No,21.0
SeniorCitizen_1,20.0
InternetService_No,20.0
MultipleLines_No,18.0
PhoneService_No,17.0
OnlineBackup_No,15.0
PaymentMethod_Mailed check,12.0
PaymentMethod_Bank transfer (automatic),11.0
Dependents_No,10.0
gender_Female,8.0
SeniorCitizen_True,8.0
Partner_No,8.0
PhoneService_Yes,8.0
InternetService_DSL,7.0
StreamingTV_No,7.0
PaymentMethod_Credit card (automatic),7.0
TechSupport_Yes,6.0
StreamingMovies_Yes,5.0
PaperlessBilling_Yes,5.0
MultipleLines_Yes,4.0
OnlineSecurity_Yes,4.0
OnlineBackup_Yes,4.0
DeviceProtection_No,4.0
StreamingTV_Yes,4.0
gender_Male,3.0
Dependents_Yes,3.0
Partner_Yes,2.0
DeviceProtection_Yes,0.0
